letra,total_pruebas,correctas,incorrectas,no_evaluables,porcentaje_correcto
A,12,7,2,3,58.33
B,12,8,0,4,66.67
C,12,7,1,4,58.33
D,12,10,0,2,83.33
E,12,8,0,4,66.67
F,12,8,0,4,66.67
G,12,8,0,4,66.67
H,12,8,0,4,66.67
I,12,9,0,3,75.0
J,12,12,0,0,100.0
K,12,9,3,0,75.0
L,12,7,1,4,58.33
M,12,9,0,3,75.0
N,12,7,2,3,58.33
O,12,8,0,4,66.67
P,12,10,0,2,83.33
Q,12,9,3,0,75.0
R,12,7,1,4,58.33
S,12,7,1,4,58.33
T,12,7,1,4,58.33
U,12,7,1,4,58.33
V,12,4,4,4,33.33
W,12,6,2,4,50.0
X,12,8,4,0,66.67
Y,12,8,2,2,66.67
Z,12,11,1,0,91.67
Ñ,12,11,1,0,91.67
